iteration,coherence,entropy,energy,curvature,clusters,correlation,magnetization,susceptibility
0,0.42440972222222223,1.5397752532530027,19234.0,0.6678472222222223,236,0.1226388888888889,-0.04048611111111111,4.559797995446232
1,0.46774305555555556,1.554529114192003,17370.0,0.603125,279,0.20430555555555555,-0.06409722222222222,4.771857377976068
2,0.49368055555555557,1.5715361378109147,16478.0,0.5721527777777777,274,0.2742013888888889,-0.08416666666666667,5.15851604014411
3,0.5200694444444445,1.5734211553555566,15718.0,0.5457638888888889,243,0.3324652777777778,-0.103125,5.504502378568142
4,0.5450694444444445,1.5634561619995342,14936.0,0.5186111111111111,175,0.38756944444444447,-0.12166666666666667,5.797891499052321
5,0.5736111111111111,1.5457755152412473,14118.0,0.49020833333333336,142,0.4348263888888889,-0.13958333333333334,6.035503812931191
6,0.6031944444444445,1.5241806224707801,13292.0,0.46152777777777776,106,0.4766666666666667,-0.15368055555555554,6.237740224014081
7,0.6254861111111111,1.4986199919082268,12708.0,0.44125,86,0.5100694444444445,-0.1684027777777778,6.408872092668262
8,0.6462152777777778,1.4737961843077372,12112.0,0.42055555555555557,69,0.5403819444444444,-0.18145833333333333,6.537474094544584
9,0.6641666666666667,1.4547919361623167,11502.0,0.399375,60,0.5667013888888889,-0.19395833333333334,6.602534316264957
10,0.6826736111111111,1.4307056117947052,10946.0,0.38006944444444446,59,0.5922916666666667,-0.20548611111111112,6.6903184355536744
11,0.6923611111111111,1.4170759385084049,10630.0,0.36909722222222224,54,0.6062152777777777,-0.21458333333333332,6.718079143321955
12,0.7030902777777778,1.4019769138071494,10288.0,0.3572222222222222,51,0.6209375,-0.22375,6.748252502988401
13,0.7129861111111111,1.3861312298221178,9950.0,0.3454861111111111,48,0.6364236111111111,-0.23222222222222222,6.780874562670825
14,0.7238194444444445,1.36920566901987,9652.0,0.3351388888888889,45,0.6488194444444444,-0.2415972222222222,6.808093302861879
15,0.7347222222222223,1.3537826205766694,9324.0,0.32375,43,0.6617361111111111,-0.24958333333333332,6.83153884597258
16,0.7434722222222222,1.3403275251528823,9058.0,0.31451388888888887,41,0.6723958333333333,-0.25666666666666665,6.847952192990985
17,0.7516666666666667,1.3259118622956527,8810.0,0.3059027777777778,43,0.6828125,-0.26416666666666666,6.86285368918222
18,0.7570833333333333,1.3188407401280822,8604.0,0.29875,43,0.6903472222222222,-0.27,6.855405834581006
19,0.7632638888888889,1.3090259058342235,8400.0,0.2916666666666667,41,0.698125,-0.27652777777777776,6.8534535296053605
20,0.7676388888888889,1.300961781978303,8248.0,0.2863888888888889,40,0.7042361111111111,-0.28229166666666666,6.8480241686643355
21,0.7709722222222222,1.2943047865107085,8148.0,0.28291666666666665,41,0.7082638888888889,-0.2866666666666667,6.845220734271657
22,0.7763541666666667,1.2852514434097522,7956.0,0.27625,37,0.7158680555555555,-0.2920138888888889,6.84431888832768
23,0.7798611111111111,1.2821582729516368,7804.0,0.2709722222222222,36,0.720625,-0.29680555555555554,6.823700691125929
24,0.7847222222222222,1.2745442609878788,7652.0,0.26569444444444446,36,0.7261805555555556,-0.3009722222222222,6.823777850976757
25,0.7898263888888889,1.2663190677211114,7516.0,0.2609722222222222,37,0.7310069444444445,-0.30451388888888886,6.8296344042168995
26,0.7932291666666667,1.2590511749618452,7444.0,0.2584722222222222,35,0.7337847222222222,-0.30777777777777776,6.83323523744298
27,0.7960069444444444,1.2512501731561319,7358.0,0.25548611111111114,35,0.7379861111111111,-0.3115277777777778,6.8347152598316825
28,0.7986458333333334,1.2443253685311695,7268.0,0.2523611111111111,34,0.7421180555555555,-0.31527777777777777,6.832488715886214
29,0.8032291666666667,1.2396924205299626,7080.0,0.24583333333333332,34,0.7485069444444444,-0.3186805555555556,6.824349918933288
30,0.8062847222222222,1.2325288073350702,6996.0,0.24291666666666667,35,0.7519097222222222,-0.32256944444444446,6.820929808545321
31,0.8082638888888889,1.22899709471142,6940.0,0.24097222222222223,34,0.75375,-0.325,6.815336724045818
32,0.8074652777777778,1.2280735764109092,6922.0,0.2403472222222222,33,0.7552777777777778,-0.3277083333333333,6.798869485694103
33,0.8111458333333333,1.2231763326731575,6802.0,0.23618055555555556,32,0.7592361111111111,-0.33034722222222224,6.795972454794869
34,0.8134375,1.218584394222802,6736.0,0.2338888888888889,33,0.7616319444444445,-0.3329861111111111,6.791801964857598
35,0.8167708333333333,1.2120305974865655,6624.0,0.23,33,0.7662152777777778,-0.33520833333333333,6.79678906321614
36,0.820625,1.2052188047812478,6502.0,0.22576388888888888,33,0.7707291666666667,-0.33805555555555555,6.797597031341609
37,0.8205555555555556,1.2023078024189795,6516.0,0.22625,33,0.7706944444444445,-0.34034722222222225,6.789849820631638
38,0.8216666666666667,1.2017958512065572,6432.0,0.22333333333333333,33,0.7736111111111111,-0.34291666666666665,6.77232637644686
39,0.8234722222222223,1.2014740349248383,6356.0,0.22069444444444444,33,0.7756944444444445,-0.34381944444444446,6.766581303116198
40,0.8276736111111112,1.1936516191492923,6238.0,0.21659722222222222,33,0.7800694444444445,-0.34625,6.772858779417578
41,0.8307291666666666,1.1873649462666966,6148.0,0.21347222222222223,33,0.7835763888888889,-0.3484027777777778,6.776021810865053
42,0.8310069444444445,1.1868934146307097,6146.0,0.21340277777777777,33,0.7834027777777778,-0.34923611111111114,6.771177136731167
43,0.8325,1.1841990873824917,6086.0,0.21131944444444445,33,0.7856597222222222,-0.35097222222222224,6.766255182184183
44,0.8340277777777778,1.1798843565161765,6042.0,0.20979166666666665,33,0.7876736111111111,-0.3525,6.767715593110799
45,0.8364583333333333,1.1762267759569343,5962.0,0.2070138888888889,33,0.7903819444444444,-0.3541666666666667,6.766002644422407
46,0.8343402777777778,1.178610629860681,6000.0,0.20833333333333334,32,0.7895486111111111,-0.3547222222222222,6.75461899443019
47,0.8361111111111111,1.1757146972126704,5930.0,0.20590277777777777,32,0.7920486111111111,-0.3567361111111111,6.747887400256748
48,0.8367013888888889,1.175931823529441,5902.0,0.20493055555555556,32,0.7927083333333333,-0.35736111111111113,6.742432078240912
49,0.8364930555555555,1.1746844274569068,5910.0,0.20520833333333333,31,0.7928472222222223,-0.3578472222222222,6.742428340810637
50,0.840625,1.1665202609622485,5814.0,0.201875,31,0.7962847222222222,-0.35944444444444446,6.754292994060441
51,0.8386111111111111,1.1701205575342604,5840.0,0.20277777777777778,32,0.7954861111111111,-0.3603472222222222,6.736725263336283
52,0.8397222222222223,1.1679795621190332,5796.0,0.20125,32,0.7971527777777778,-0.3616666666666667,6.732837411540092
53,0.8399305555555555,1.1687624904352347,5790.0,0.20104166666666667,31,0.7969791666666667,-0.3616666666666667,6.730522616015238
54,0.8423611111111111,1.1644153816257206,5726.0,0.19881944444444444,31,0.7992013888888889,-0.36270833333333335,6.7352299697271025
55,0.8430902777777778,1.163139402734885,5702.0,0.1979861111111111,31,0.8000694444444445,-0.36319444444444443,6.735182910255582
56,0.8430555555555556,1.162421238728243,5716.0,0.19847222222222222,31,0.7995833333333333,-0.3634027777777778,6.735657563900445
57,0.8440277777777778,1.1592959078906242,5682.0,0.19729166666666667,30,0.8012847222222222,-0.36430555555555555,6.737706037377671
58,0.8453472222222222,1.157678281057616,5636.0,0.19569444444444445,30,0.8027083333333334,-0.3653472222222222,6.7342657930911285
59,0.8445486111111111,1.1606301810283965,5654.0,0.19631944444444444,30,0.8014583333333334,-0.3657638888888889,6.722468051899466
60,0.8437152777777778,1.1625218733244058,5664.0,0.19666666666666666,30,0.8010069444444444,-0.36625,6.713137054876393
61,0.8442361111111111,1.1605174497045336,5646.0,0.19604166666666667,30,0.8019097222222222,-0.3672916666666667,6.710820450917537
62,0.8452083333333333,1.158347890586533,5612.0,0.19486111111111112,30,0.8032638888888889,-0.3682638888888889,6.7094907294882615
63,0.8454861111111112,1.1568185268612432,5618.0,0.19506944444444443,30,0.8030902777777778,-0.3688194444444444,6.709550528372657
64,0.8469791666666666,1.154154556216759,5574.0,0.19354166666666667,30,0.8046527777777778,-0.3695833333333333,6.7112157745907695
65,0.8467708333333334,1.1550350383277908,5570.0,0.19340277777777778,30,0.8047222222222222,-0.3697916666666667,6.707038653728813
66,0.8465625,1.153974551101253,5572.0,0.1934722222222222,30,0.8050347222222223,-0.3705555555555556,6.704061931171149
67,0.8468402777777778,1.155578876695324,5560.0,0.19305555555555556,30,0.8048263888888889,-0.3705555555555556,6.6994323401214455
68,0.8473611111111111,1.1543605043961602,5538.0,0.19229166666666667,30,0.8057291666666667,-0.37125,6.697454315195522
69,0.8471875,1.1545940957173961,5538.0,0.19229166666666667,30,0.8057638888888888,-0.3715277777777778,6.6945775387571365
70,0.848125,1.1516946857529888,5526.0,0.191875,30,0.8064236111111112,-0.37166666666666665,6.701819151507072
71,0.8499305555555555,1.14802789926356,5484.0,0.19041666666666668,30,0.8079166666666666,-0.3723611111111111,6.7067726531805665
72,0.8502777777777778,1.1482684651365336,5468.0,0.18986111111111112,30,0.8082638888888889,-0.3726388888888889,6.703890732752123
73,0.8494097222222222,1.1494051800056564,5482.0,0.19034722222222222,30,0.8079861111111111,-0.37277777777777776,6.699555795882772
74,0.8487847222222222,1.1493213820163557,5498.0,0.19090277777777778,30,0.8077777777777778,-0.3729166666666667,6.6986927308013176
75,0.8499652777777778,1.1466192801381454,5462.0,0.18965277777777778,30,0.8092361111111112,-0.37368055555555557,6.700305813745276
76,0.8507986111111111,1.1457901601879246,5426.0,0.18840277777777778,30,0.8104166666666667,-0.374375,6.697134222376851
77,0.8506944444444444,1.1448864374316525,5436.0,0.18875,30,0.8102777777777778,-0.37451388888888887,6.698582255577398
78,0.8513541666666666,1.1460309008060678,5402.0,0.18756944444444446,30,0.8109722222222222,-0.3746527777777778,6.694242978466434
79,0.8526388888888888,1.1446339799243013,5374.0,0.18659722222222222,30,0.8115625,-0.37493055555555554,6.695980039608209
80,0.8528819444444444,1.1447127043374516,5360.0,0.18611111111111112,30,0.8119791666666667,-0.3751388888888889,6.694099147682
81,0.8535763888888889,1.142238989091726,5346.0,0.185625,30,0.8127777777777778,-0.37548611111111113,6.698292906136792
82,0.8507638888888889,1.146763084943549,5436.0,0.18875,30,0.8095138888888889,-0.3747916666666667,6.69106077761852
83,0.8492708333333333,1.1482288225727724,5464.0,0.1897222222222222,30,0.8090625,-0.37472222222222223,6.687443628298982
84,0.8506944444444444,1.1464258466144275,5424.0,0.18833333333333332,30,0.8102083333333333,-0.3753472222222222,6.6875879413324855
85,0.8496875,1.1483728494078238,5450.0,0.1892361111111111,30,0.8091666666666667,-0.37548611111111113,6.680931939700401
86,0.8510069444444445,1.1460953793303186,5410.0,0.18784722222222222,30,0.8106944444444445,-0.37555555555555553,6.686863000421499
87,0.8509375,1.1470629978024212,5404.0,0.18763888888888888,30,0.8106597222222223,-0.3759722222222222,6.6807813574290185
88,0.85125,1.1456728147751272,5404.0,0.18763888888888888,29,0.8107638888888888,-0.37625,6.6825123100826005
89,0.8521527777777778,1.1441860755582223,5380.0,0.18680555555555556,29,0.8114583333333333,-0.37701388888888887,6.680610761821327
90,0.8513194444444444,1.1463941769751984,5396.0,0.18736111111111112,29,0.8107638888888888,-0.3767361111111111,6.6765685501360545
91,0.8506597222222222,1.1471211553964482,5412.0,0.18791666666666668,29,0.8103125,-0.376875,6.673381526797464
92,0.8527430555555555,1.1438388038831537,5358.0,0.18604166666666666,29,0.8119444444444445,-0.3779166666666667,6.6743526558575
93,0.8501041666666667,1.1442472067624645,5434.0,0.18868055555555555,29,0.8104861111111111,-0.3779166666666667,6.673195258095073
94,0.8511805555555556,1.1435836647180113,5402.0,0.18756944444444446,29,0.8112152777777778,-0.37833333333333335,6.671726809683993
95,0.8515277777777778,1.1454497837463338,5378.0,0.1867361111111111,29,0.8114236111111112,-0.3786111111111111,6.664187649259303
96,0.8515277777777778,1.144873036865166,5384.0,0.18694444444444444,29,0.81125,-0.3788888888888889,6.663591589411653
97,0.8534722222222222,1.1413321867723762,5326.0,0.18493055555555554,29,0.8132986111111111,-0.38,6.664666683333192
98,0.8528819444444444,1.1412377304316441,5336.0,0.1852777777777778,29,0.8132986111111111,-0.38048611111111114,6.661007337220236
99,0.8542013888888889,1.1394233388417954,5292.0,0.18375,29,0.8148263888888889,-0.3807638888888889,6.663874790176645
100,0.8538541666666667,1.1401602932456854,5300.0,0.1840277777777778,29,0.8144791666666666,-0.38090277777777776,6.660678443356079
101,0.8531944444444445,1.1425400193741664,5312.0,0.18444444444444444,29,0.81375,-0.38069444444444445,6.65563496204404
102,0.8548958333333333,1.1383416235121764,5274.0,0.183125,29,0.8153472222222222,-0.3811805555555556,6.663543967316218
103,0.8566666666666667,1.13434123036059,5228.0,0.1815277777777778,29,0.8171527777777777,-0.3819444444444444,6.668524032875857
104,0.8559375,1.1341696153244172,5252.0,0.1823611111111111,29,0.8166319444444444,-0.38222222222222224,6.6667551432956165
105,0.856875,1.1336601969358873,5214.0,0.18104166666666666,28,0.8177430555555556,-0.3827083333333333,6.664235190979889
106,0.8552430555555556,1.135741548321137,5258.0,0.18256944444444445,27,0.8163888888888889,-0.3827083333333333,6.65844820216776
107,0.8551041666666667,1.1367340606616252,5252.0,0.1823611111111111,27,0.8164930555555555,-0.3827777777777778,6.655111721805611
108,0.8552430555555556,1.1369750577274176,5244.0,0.18208333333333335,27,0.8166319444444444,-0.38305555555555554,6.652181576470403
109,0.8550347222222222,1.1354751947208186,5258.0,0.18256944444444445,27,0.8165277777777777,-0.3834722222222222,6.6529922371531685
110,0.8575347222222223,1.131284890342695,5192.0,0.1802777777777778,27,0.8186458333333333,-0.3845138888888889,6.6561636275844815
111,0.8549305555555555,1.136371019582008,5252.0,0.1823611111111111,27,0.8165277777777777,-0.3840277777777778,6.64596683273524
112,0.8550694444444444,1.1360348697799996,5246.0,0.18215277777777777,27,0.8167708333333333,-0.3842361111111111,6.645211751257526
113,0.8560069444444445,1.1342051967020403,5224.0,0.18138888888888888,27,0.8175347222222222,-0.3845138888888889,6.6480618432475
114,0.8557638888888889,1.1337031849918313,5234.0,0.1817361111111111,27,0.8173958333333333,-0.3846527777777778,6.648329009230994
115,0.8567708333333334,1.1305997130479803,5224.0,0.18138888888888888,27,0.8178125,-0.3852777777777778,6.6518420731267565
116,0.8564236111111111,1.1317685593620266,5218.0,0.18118055555555557,27,0.8180555555555555,-0.3854166666666667,6.647477879813964
117,0.8569444444444444,1.1327676008028864,5190.0,0.18020833333333333,27,0.8186458333333333,-0.3854861111111111,6.644138264832877
118,0.8547569444444445,1.1365137729389356,5260.0,0.18263888888888888,27,0.8160763888888889,-0.38479166666666664,6.639336671615701
119,0.8560763888888889,1.1340909913679562,5222.0,0.18131944444444445,27,0.8173611111111111,-0.38569444444444445,6.638748528690242
120,0.8549305555555555,1.1369029053090491,5242.0,0.1820138888888889,27,0.8165625,-0.3854861111111111,6.632564287208616
121,0.8546875,1.1381201861731418,5242.0,0.1820138888888889,27,0.8163194444444445,-0.3858333333333333,6.626281586542335
122,0.8541666666666666,1.1372016583986633,5266.0,0.18284722222222222,27,0.8157986111111111,-0.38631944444444444,6.624889775545595
123,0.8517013888888889,1.1420086185029155,5316.0,0.18458333333333332,27,0.8140625,-0.3861111111111111,6.612920715372642
124,0.8530208333333333,1.1409386868449147,5280.0,0.18333333333333332,27,0.8148958333333334,-0.3865277777777778,6.612552759334002
125,0.8529166666666667,1.1390542117747584,5292.0,0.18375,27,0.8149305555555556,-0.3869444444444444,6.614496705325808
126,0.8545833333333334,1.1342623162618979,5260.0,0.18263888888888888,28,0.8163194444444445,-0.38805555555555554,6.618894816823028
127,0.8542013888888889,1.1346471838286576,5252.0,0.1823611111111111,28,0.8168402777777778,-0.38875,6.612084656238977
128,0.8567708333333334,1.13155906598556,5184.0,0.18,28,0.8186458333333333,-0.38972222222222225,6.612722028756756
129,0.8571527777777778,1.1302151474261577,5166.0,0.179375,28,0.8195486111111111,-0.3902083333333333,6.612456108583355
130,0.8567361111111111,1.1315330696193284,5176.0,0.17972222222222223,27,0.8189583333333333,-0.3904166666666667,6.607049975972424
131,0.855625,1.1332551862401046,5196.0,0.18041666666666667,27,0.8184027777777778,-0.390625,6.600485722225463
132,0.8552777777777778,1.1331670358541541,5216.0,0.1811111111111111,27,0.8177083333333334,-0.3907638888888889,6.5995813444738785
133,0.854375,1.134292592007133,5226.0,0.18145833333333333,26,0.8176041666666667,-0.39125,6.592362598367236
134,0.8560069444444445,1.1323877678301675,5188.0,0.18013888888888888,26,0.8185069444444445,-0.39166666666666666,6.594273751422442
135,0.8563194444444444,1.1317841184783788,5174.0,0.17965277777777777,26,0.8189930555555556,-0.39229166666666665,6.590769368009898
136,0.8560763888888889,1.1311224661820716,5188.0,0.18013888888888888,26,0.8187152777777778,-0.3923611111111111,6.592051386968895
137,0.8557986111111111,1.1310339081060996,5200.0,0.18055555555555555,26,0.8183680555555556,-0.3925,6.5911429904750785
138,0.8552083333333333,1.1319291961584492,5212.0,0.18097222222222223,26,0.8179861111111111,-0.3927083333333333,6.586886298516956
139,0.8563541666666666,1.1310022138030682,5172.0,0.17958333333333334,26,0.8191319444444445,-0.39319444444444446,6.5854387877529
140,0.8565972222222222,1.130501812098172,5164.0,0.17930555555555555,26,0.8194444444444444,-0.3933333333333333,6.585685860025242
141,0.8569444444444444,1.1299120347080955,5148.0,0.17875,26,0.8200694444444444,-0.39361111111111113,6.585021642309361
142,0.8576041666666666,1.128908446708195,5130.0,0.178125,26,0.820625,-0.3938888888888889,6.585513536358392
143,0.8571875,1.1291437553630435,5144.0,0.1786111111111111,26,0.8201736111111111,-0.39416666666666667,6.58253195112263
144,0.8559027777777778,1.1312904222368503,5180.0,0.1798611111111111,25,0.8188888888888889,-0.39402777777777775,6.577657216796855
145,0.8581597222222223,1.1301845436560691,5106.0,0.17729166666666665,25,0.8206944444444444,-0.39479166666666665,6.574371935210727
146,0.859375,1.1261817388367947,5082.0,0.17645833333333333,24,0.8219097222222222,-0.39555555555555555,6.579178712605381
147,0.8572222222222222,1.1298275134324318,5136.0,0.17833333333333334,24,0.8200694444444444,-0.39534722222222224,6.570713915282701
148,0.8576388888888888,1.1279117776360055,5120.0,0.17777777777777778,24,0.8210416666666667,-0.3957638888888889,6.5725966156429125
149,0.8583333333333333,1.1259873606068451,5102.0,0.17715277777777777,24,0.8218402777777778,-0.39618055555555554,6.574476422508722
150,0.8581944444444445,1.1262395672512402,5112.0,0.1775,25,0.8213888888888888,-0.39611111111111114,6.574356221928603
151,0.8581597222222223,1.125408744158427,5116.0,0.1776388888888889,24,0.8214930555555555,-0.39611111111111114,6.576671017453456
152,0.8569791666666666,1.1288601938308203,5160.0,0.17916666666666667,24,0.8194791666666666,-0.39493055555555556,6.576930105765064
153,0.8563888888888889,1.128770998873156,5174.0,0.17965277777777777,24,0.8193402777777777,-0.3950694444444444,6.576015761532749
154,0.8575694444444445,1.1280011360820055,5136.0,0.17833333333333334,24,0.8202777777777778,-0.395625,6.573512567372122
155,0.8577083333333333,1.1283244888462263,5124.0,0.17791666666666667,24,0.820625,-0.3957638888888889,6.571439217880487
156,0.8595138888888889,1.1239796170467495,5082.0,0.17645833333333333,25,0.8223263888888889,-0.3963888888888889,6.578308735287289
157,0.8583680555555555,1.1256455631962603,5114.0,0.17756944444444445,24,0.82125,-0.3963888888888889,6.573679144237585
158,0.8598263888888888,1.1243660523346355,5062.0,0.1757638888888889,24,0.8227777777777778,-0.39708333333333334,6.571402124889701
159,0.8575347222222223,1.1278591455612377,5114.0,0.17756944444444445,24,0.82125,-0.3968055555555556,6.563980633237521
160,0.8585763888888889,1.1262065669347185,5096.0,0.17694444444444443,24,0.8217013888888889,-0.3968055555555556,6.568610224287225
161,0.8591319444444444,1.1248718019536796,5084.0,0.17652777777777778,24,0.8221875,-0.39694444444444443,6.571163733100579
162,0.8605902777777777,1.1223522131079853,5044.0,0.1751388888888889,24,0.8235763888888888,-0.39729166666666665,6.575231303049326
163,0.8606597222222222,1.122516779120008,5036.0,0.1748611111111111,24,0.8238541666666667,-0.3973611111111111,6.574192739494661
164,0.8593402777777778,1.125360521066713,5064.0,0.17583333333333334,24,0.8228125,-0.3971527777777778,6.568049006934717
165,0.8594791666666667,1.1245131265789672,5070.0,0.17604166666666668,24,0.8225694444444445,-0.3975,6.56748578021109
166,0.8584722222222222,1.125416230284388,5090.0,0.17673611111111112,24,0.8221875,-0.39770833333333333,6.5632117272865305
167,0.8595138888888889,1.1239908675176635,5052.0,0.17541666666666667,24,0.8235416666666666,-0.3979861111111111,6.5648420506346605
168,0.8607638888888889,1.1236311503513312,5008.0,0.1738888888888889,24,0.8245833333333333,-0.3985416666666667,6.561154452763819
169,0.86,1.1235411316815767,5026.0,0.17451388888888889,24,0.8244097222222222,-0.39868055555555554,6.560231749547663
170,0.8599305555555555,1.1231248935427505,5032.0,0.17472222222222222,24,0.8243055555555555,-0.39868055555555554,6.561389147310089
171,0.8591666666666666,1.123956816962815,5058.0,0.175625,25,0.8234375,-0.39868055555555554,6.559074351785236
172,0.8552777777777778,1.1312762362080657,5162.0,0.17923611111111112,24,0.8197569444444445,-0.3972222222222222,6.550807035455774
173,0.8569791666666666,1.1287840765594628,5114.0,0.17756944444444445,24,0.82125,-0.39791666666666664,6.551992564413813
174,0.8584375,1.125542497092296,5086.0,0.1765972222222222,25,0.8222222222222222,-0.3984722222222222,6.556407393878714
175,0.8592361111111111,1.125433760352594,5048.0,0.17527777777777778,25,0.8233333333333334,-0.39895833333333336,6.552598389805084
176,0.8580555555555556,1.1260078140346257,5086.0,0.1765972222222222,25,0.8223263888888889,-0.39902777777777776,6.550400499491723
177,0.8583333333333333,1.1257564542572729,5078.0,0.17631944444444445,24,0.8225347222222222,-0.3990972222222222,6.550517324328369
178,0.8584027777777777,1.1241736147354369,5078.0,0.17631944444444445,25,0.8229513888888889,-0.3993055555555556,6.5531821121140865
179,0.8593402777777778,1.1233255789530756,5048.0,0.17527777777777778,25,0.8237847222222222,-0.3996527777777778,6.552606427289549
180,0.8568055555555556,1.1281531069210848,5108.0,0.1773611111111111,25,0.8217361111111111,-0.3988888888888889,6.545537017644195
181,0.8567013888888889,1.1279030734738522,5106.0,0.17729166666666665,24,0.8220138888888889,-0.39895833333333336,6.5456540032305295
182,0.8573611111111111,1.1264903285171575,5096.0,0.17694444444444443,25,0.8222916666666666,-0.3992361111111111,6.547278539589847
183,0.856875,1.128971366414346,5102.0,0.17715277777777777,25,0.8217013888888889,-0.3988888888888889,6.543222222119343
184,0.8573958333333334,1.1282224255071989,5086.0,0.1765972222222222,25,0.8222222222222222,-0.3990972222222222,6.543572937753812
185,0.8572569444444444,1.127812781213832,5096.0,0.17694444444444443,24,0.8219791666666667,-0.3990972222222222,6.544730335516238
186,0.8585763888888889,1.1266304688973814,5060.0,0.17569444444444443,24,0.8228125,-0.3996527777777778,6.543347245190139
187,0.8572569444444444,1.1280201845994644,5086.0,0.1765972222222222,24,0.8222916666666666,-0.3997222222222222,6.538833755603475
188,0.8593055555555555,1.124459310112747,5044.0,0.1751388888888889,25,0.8235416666666666,-0.4001388888888889,6.545315665322132
189,0.8590972222222222,1.1256062945439922,5042.0,0.17506944444444444,24,0.8234375,-0.4002777777777778,6.540917071575845
190,0.8590972222222222,1.1254456605077743,5038.0,0.17493055555555556,24,0.8237152777777778,-0.40020833333333333,6.541959010873985
191,0.8619444444444444,1.1206651137043275,4960.0,0.17222222222222222,24,0.8263194444444445,-0.40118055555555554,6.547040308550412
192,0.8617708333333334,1.1204837709191633,4958.0,0.17215277777777777,24,0.8265972222222222,-0.4014583333333333,6.545182363642342
193,0.8576736111111111,1.1277703503198362,5074.0,0.17618055555555556,24,0.8225694444444445,-0.39979166666666666,6.538949776691676
194,0.8583680555555555,1.1262684885904064,5058.0,0.175625,24,0.823125,-0.40020833333333333,6.539644215349132
195,0.8547569444444445,1.1337049851686918,5162.0,0.17923611111111112,24,0.8191666666666667,-0.3984722222222222,6.533259438630193
196,0.8560069444444445,1.1313460898207173,5134.0,0.1782638888888889,24,0.8201388888888889,-0.39868055555555554,6.538241192061569
197,0.8563541666666666,1.1310980165243454,5130.0,0.178125,24,0.8200694444444444,-0.39875,6.538358418772438
198,0.8583333333333333,1.1276108774570017,5074.0,0.17618055555555556,24,0.8219791666666667,-0.3997222222222222,6.539991153365902
199,0.8597222222222223,1.1249225432680823,5028.0,0.17458333333333334,24,0.8236805555555555,-0.40069444444444446,6.539293338964972
200,0.8581597222222223,1.1262684885904064,5086.0,0.1765972222222222,24,0.821875,-0.40020833333333333,6.539644215349132
201,0.8583333333333333,1.1248523171429041,5086.0,0.1765972222222222,24,0.8221180555555555,-0.4004861111111111,6.541262964719636
202,0.8577777777777778,1.1273173777348684,5088.0,0.17666666666666667,24,0.8217361111111111,-0.4004861111111111,6.53431857814508
203,0.8577430555555555,1.126476171325407,5088.0,0.17666666666666667,24,0.8219791666666667,-0.4008333333333333,6.5337360614587485
204,0.8591666666666666,1.1244896580275556,5052.0,0.17541666666666667,24,0.8230555555555555,-0.4010416666666667,6.5375522188935475
205,0.8598611111111111,1.1218956165726062,5038.0,0.17493055555555556,24,0.8238541666666667,-0.40152777777777776,6.540666784309719
206,0.8605208333333333,1.1218761576798735,5006.0,0.17381944444444444,24,0.8247916666666667,-0.401875,6.537763443985188
207,0.8607291666666667,1.12042764606605,5004.0,0.17375,24,0.8250347222222222,-0.4025,6.536467520178072
208,0.8602083333333334,1.1220887212441868,5010.0,0.17395833333333333,24,0.8246875,-0.4025,6.531837929128369
209,0.8590972222222222,1.1236498614637598,5032.0,0.17472222222222222,24,0.8240972222222223,-0.4026388888888889,6.52627647213022
210,0.8619444444444444,1.118519220739402,4958.0,0.17215277777777777,24,0.8265625,-0.40381944444444445,6.530495307536531
211,0.8626736111111111,1.1170812524899398,4944.0,0.17166666666666666,24,0.8269791666666667,-0.4040972222222222,6.532097338939356
212,0.8621875,1.117226052284033,4960.0,0.17222222222222222,24,0.8264930555555555,-0.4045138888888889,6.528132287104912
213,0.8583333333333333,1.1236505477079368,5064.0,0.17583333333333334,25,0.8229166666666666,-0.4038888888888889,6.515560415597359
214,0.8591319444444444,1.1222100111058952,5046.0,0.17520833333333333,25,0.8234027777777778,-0.4045138888888889,6.514243513955799
215,0.8591666666666666,1.1219349416235396,5032.0,0.17472222222222222,25,0.8240972222222223,-0.40493055555555557,6.511432966389375
216,0.8601736111111111,1.119225645058053,5008.0,0.1738888888888889,25,0.8250347222222222,-0.4059027777777778,6.510650758401603
217,0.8607638888888889,1.1205114929455946,4972.0,0.1726388888888889,24,0.8257638888888889,-0.4064583333333333,6.502260267622769
218,0.8598958333333333,1.1225919568620415,4996.0,0.17347222222222222,24,0.8247569444444445,-0.4061111111111111,6.499403142833892
219,0.8612847222222222,1.119661974807722,4958.0,0.17215277777777777,24,0.8261805555555556,-0.40680555555555553,6.501643189753255
220,0.8593055555555555,1.1212429398056454,5016.0,0.17416666666666666,24,0.8246527777777778,-0.4065972222222222,6.499004443417189
221,0.8610069444444445,1.1192485613350969,4962.0,0.17229166666666668,24,0.8263888888888888,-0.40680555555555553,6.502800587515681
222,0.8621180555555555,1.1164578742704927,4920.0,0.17083333333333334,24,0.8282291666666667,-0.40756944444444443,6.503982218293758
223,0.8573611111111111,1.1253835219848565,5054.0,0.17548611111111112,24,0.8233680555555556,-0.4059027777777778,6.493289791965212
224,0.8581597222222223,1.1257620967697022,5026.0,0.17451388888888889,24,0.8238194444444444,-0.40625,6.489203735802201
225,0.8572569444444444,1.1255130740176127,5052.0,0.17541666666666667,24,0.8234375,-0.40631944444444446,6.489312201655008
226,0.8585416666666666,1.123450478902717,5018.0,0.17423611111111112,24,0.8245486111111111,-0.4066666666666667,6.4921681208212165
227,0.8590277777777777,1.1218539613201215,5000.0,0.1736111111111111,24,0.8254166666666667,-0.4072222222222222,6.491872341393041
228,0.8598611111111111,1.1200928454712333,4972.0,0.1726388888888889,24,0.8265277777777778,-0.40770833333333334,6.492622037756166
229,0.8608680555555556,1.1189232805699616,4948.0,0.17180555555555554,24,0.8271180555555555,-0.40791666666666665,6.494099528337265
230,0.8604513888888888,1.1198152844353497,4952.0,0.17194444444444446,24,0.8269791666666667,-0.408125,6.489789306732628
231,0.8609722222222222,1.119655683345332,4934.0,0.17131944444444444,24,0.8274652777777778,-0.40805555555555556,6.4908403283882095
232,0.8602777777777778,1.1219861232337986,4960.0,0.17222222222222222,24,0.8261111111111111,-0.4076388888888889,6.487885588350552
233,0.8619444444444444,1.1178186395468073,4926.0,0.17104166666666668,24,0.8274652777777778,-0.4083333333333333,6.493580146091375
234,0.8615625,1.1168042731339411,4938.0,0.17145833333333332,24,0.8275,-0.4086111111111111,6.494003882272176
235,0.8603472222222223,1.118460421829115,4966.0,0.17243055555555556,24,0.8267013888888889,-0.4086111111111111,6.489374291222473
236,0.8598611111111111,1.1202667293335669,4968.0,0.1725,24,0.8264583333333333,-0.40868055555555555,6.483693035518428
237,0.8613194444444444,1.1183677415551416,4926.0,0.17104166666666668,24,0.8278125,-0.40875,6.488428279301374
238,0.861875,1.1173553944679075,4912.0,0.17055555555555554,24,0.8282638888888889,-0.40902777777777777,6.488850086485906
239,0.8627083333333333,1.1163408226587843,4892.0,0.1698611111111111,24,0.82875,-0.40930555555555553,6.489270607672922
240,0.8616319444444445,1.1172374831219245,4918.0,0.17076388888888888,24,0.828125,-0.4095138888888889,6.484955563577608
241,0.8628472222222222,1.1156470247187336,4886.0,0.1696527777777778,24,0.8290625,-0.4097222222222222,6.487584182683254
242,0.8636458333333333,1.113771065576878,4866.0,0.16895833333333332,24,0.8297916666666667,-0.4103472222222222,6.487363915421588
243,0.8622222222222222,1.11571537821975,4918.0,0.17076388888888888,24,0.8279513888888889,-0.4099305555555556,6.485582487365587
244,0.8616319444444445,1.1163588043777422,4928.0,0.1711111111111111,24,0.8277430555555556,-0.41020833333333334,6.481369238010978
245,0.8630208333333333,1.114996023841698,4884.0,0.16958333333333334,24,0.8289930555555556,-0.4106944444444444,6.480937343783451
246,0.8631944444444445,1.1138159600492945,4878.0,0.169375,23,0.8294791666666667,-0.4109027777777778,6.482404466009595
247,0.8643055555555555,1.111445444509293,4846.0,0.16826388888888888,23,0.8307291666666666,-0.41131944444444446,6.485336540341075
248,0.8626736111111111,1.1148096976159079,4894.0,0.16993055555555556,23,0.8288194444444444,-0.41097222222222224,6.479035353460533
249,0.8635416666666667,1.112608449077151,4878.0,0.169375,23,0.8294097222222222,-0.4114583333333333,6.480912065894823
250,0.8628472222222222,1.113859590571658,4894.0,0.16993055555555556,23,0.8288541666666667,-0.4114583333333333,6.477439872607544
251,0.8632638888888889,1.112814526868806,4876.0,0.16930555555555554,23,0.8295833333333333,-0.41208333333333336,6.474886725480991
252,0.86125,1.1164130875419298,4932.0,0.17125,23,0.8275694444444445,-0.4116666666666667,6.468487762601978
253,0.8623958333333334,1.1154663356799566,4894.0,0.16993055555555556,23,0.8286111111111111,-0.41215277777777776,6.4668866555098665
254,0.8642013888888889,1.113018398549351,4850.0,0.1684027777777778,23,0.8297916666666667,-0.41270833333333334,6.46885487470475
255,0.8651388888888889,1.1107190549476935,4818.0,0.16729166666666667,23,0.8311458333333334,-0.41333333333333333,6.469760900140647
256,0.8649652777777778,1.109831274776146,4810.0,0.16701388888888888,23,0.831875,-0.4140277777777778,6.4661303684094795
257,0.8634375,1.112523063667763,4848.0,0.16833333333333333,23,0.8305902777777778,-0.41375,6.461102118130496
258,0.8657638888888889,1.1082900360866565,4790.0,0.16631944444444444,23,0.8325347222222222,-0.41444444444444445,6.466725946008062
259,0.86375,1.1112473587063274,4852.0,0.16847222222222222,23,0.8304166666666667,-0.4140972222222222,6.461600241229988
260,0.8643402777777778,1.1104539830726186,4828.0,0.1676388888888889,23,0.8312152777777778,-0.41465277777777776,6.458920865409969
261,0.8653125,1.1094296225021822,4790.0,0.16631944444444444,23,0.8325,-0.4149305555555556,6.459315345147331
262,0.8642708333333333,1.1103862334478152,4826.0,0.16756944444444444,23,0.8314583333333333,-0.41444444444444445,6.460938957195933
263,0.8628472222222222,1.112844511473405,4870.0,0.16909722222222223,23,0.8298958333333334,-0.41388888888888886,6.458986812969974
264,0.8628125,1.1126565154305974,4874.0,0.16923611111111111,23,0.8297222222222222,-0.4141666666666667,6.457070033675645
265,0.8630208333333333,1.1122137334162292,4868.0,0.16902777777777778,23,0.8298958333333334,-0.4145138888888889,6.455250950004944
266,0.8639583333333334,1.1108442384433987,4836.0,0.16791666666666666,23,0.8309722222222222,-0.415,6.454784173094852
267,0.8640972222222222,1.1108442384433987,4834.0,0.16784722222222223,23,0.8309375,-0.415,6.454784173094851
268,0.8642708333333333,1.1089848223132397,4838.0,0.1679861111111111,23,0.8311111111111111,-0.4152777777777778,6.457491840860176
269,0.8611458333333334,1.1170946951755423,4904.0,0.17027777777777778,23,0.8282986111111111,-0.41430555555555554,6.443379786392727
270,0.8644097222222222,1.1108168439926667,4820.0,0.1673611111111111,23,0.8312847222222223,-0.4153472222222222,6.451802869171046
271,0.8656597222222222,1.10828292240507,4794.0,0.16645833333333335,23,0.8321527777777777,-0.4156944444444444,6.455763942450685
272,0.8627777777777778,1.1121858887083704,4876.0,0.16930555555555554,23,0.8296527777777778,-0.4148611111111111,6.4522724592006995
273,0.865,1.108728214255907,4824.0,0.1675,23,0.8311805555555556,-0.4153472222222222,6.4575898579831765
274,0.8640972222222222,1.109861527437531,4836.0,0.16791666666666666,23,0.8309722222222222,-0.41583333333333333,6.4501719430115845
275,0.8647569444444444,1.1090261897297227,4814.0,0.1671527777777778,23,0.8317361111111111,-0.41583333333333333,6.452486738536437
276,0.8642361111111111,1.1098887882348263,4834.0,0.16784722222222223,23,0.8310069444444445,-0.4154861111111111,6.453156060054952
277,0.8651736111111111,1.10799983774098,4796.0,0.16652777777777777,23,0.8325347222222222,-0.4161111111111111,6.452875752784363
278,0.8669444444444444,1.1065504835746267,4742.0,0.1646527777777778,23,0.8339930555555556,-0.41638888888888886,6.454420878797203
279,0.8667013888888889,1.1059402716194202,4756.0,0.1651388888888889,23,0.8336458333333333,-0.4166666666666667,6.453649923287677
280,0.8664930555555556,1.1068238584663612,4746.0,0.16479166666666667,23,0.8339583333333334,-0.4172222222222222,6.44631716546395
281,0.8668055555555556,1.1059567831243973,4744.0,0.16472222222222221,23,0.8339583333333334,-0.41756944444444444,6.44563779708986
282,0.8665277777777778,1.10489859414707,4752.0,0.165,23,0.8340277777777778,-0.4181944444444444,6.443020993086376
283,0.8612847222222222,1.1155820829806813,4904.0,0.17027777777777778,23,0.8281597222222222,-0.4165277777777778,6.427994112137544
284,0.861875,1.115202468533807,4880.0,0.16944444444444445,23,0.8288194444444444,-0.4170833333333333,6.42413483359861
285,0.8621180555555555,1.11378400499731,4870.0,0.16909722222222223,23,0.8295138888888889,-0.4173611111111111,6.425675458620149
286,0.8622916666666667,1.1126140784651892,4868.0,0.16902777777777778,23,0.8297916666666667,-0.41756944444444444,6.427119432891043
287,0.8634375,1.1103927617668776,4840.0,0.16805555555555557,23,0.8306597222222222,-0.4184027777777778,6.425943709664044
288,0.8625694444444445,1.1124217551427455,4848.0,0.16833333333333333,23,0.8303472222222222,-0.41875,6.4171557250911775
289,0.8628125,1.1118200597037236,4848.0,0.16833333333333333,23,0.8302430555555556,-0.4190277777777778,6.416373838602786
290,0.8627083333333333,1.1123548655195816,4842.0,0.168125,23,0.8303819444444445,-0.41944444444444445,6.411147705456365
291,0.8645486111111111,1.1081966252190671,4796.0,0.16652777777777777,23,0.8320486111111111,-0.4206944444444444,6.411655513724629
292,0.8622569444444445,1.1113363350867451,4842.0,0.168125,23,0.8309027777777778,-0.420625,6.403461901127675
293,0.8638888888888889,1.1080683309353594,4808.0,0.16694444444444445,23,0.8320138888888889,-0.42118055555555556,6.407666469999065
294,0.8630902777777778,1.108895170406599,4828.0,0.1676388888888889,23,0.8314930555555555,-0.42118055555555556,6.405351674474215
295,0.8623263888888889,1.1117462482229343,4856.0,0.1686111111111111,23,0.8299652777777777,-0.420625,6.402304503365249
296,0.8640277777777777,1.10978163165445,4800.0,0.16666666666666666,23,0.8316666666666667,-0.42138888888888887,6.400995398083618
297,0.8645138888888889,1.1074294493089307,4798.0,0.16659722222222223,23,0.8319791666666667,-0.42180555555555554,6.403854652805877
298,0.8660069444444445,1.1050635319910507,4756.0,0.1651388888888889,23,0.8333680555555556,-0.4222222222222222,6.406711014033732
299,0.8649305555555555,1.1058962586399694,4778.0,0.1659027777777778,23,0.8330208333333333,-0.4222222222222222,6.404396218508879
300,0.8652430555555556,1.105800135582883,4770.0,0.165625,23,0.833125,-0.42236111111111113,6.403418699648696
301,0.8644444444444445,1.1053840692321244,4808.0,0.16694444444444445,23,0.8320833333333333,-0.42236111111111113,6.404576097411121
302,0.8650694444444444,1.103875369848622,4792.0,0.1663888888888889,23,0.8327777777777777,-0.42243055555555553,6.408138109587257
303,0.8653819444444445,1.1041972775106694,4778.0,0.1659027777777778,23,0.8330555555555555,-0.42256944444444444,6.4060027107155815
304,0.8671180555555555,1.1000974787403355,4748.0,0.16486111111111112,23,0.8340625,-0.42333333333333334,6.410455838793935
305,0.8622569444444445,1.1089510079066072,4872.0,0.16916666666666666,23,0.8297569444444445,-0.4222916666666667,6.395227016048013
306,0.8621527777777778,1.1084080652946664,4872.0,0.16916666666666666,23,0.8299305555555555,-0.42277777777777775,6.392382429734896
307,0.8630555555555556,1.1057973312837241,4852.0,0.16847222222222222,23,0.8308333333333333,-0.4232638888888889,6.395320893866522
308,0.8651736111111111,1.103137526549554,4788.0,0.16625,23,0.8327430555555555,-0.42409722222222224,6.395223479554851
309,0.8657986111111111,1.1031682617985237,4758.0,0.16520833333333335,23,0.8335416666666666,-0.42465277777777777,6.390136716388987
310,0.8666319444444445,1.101946306725309,4730.0,0.1642361111111111,23,0.8344444444444444,-0.42520833333333335,6.3885170025203495
311,0.8668055555555556,1.099331428760805,4742.0,0.1646527777777778,23,0.8344791666666667,-0.4253472222222222,6.394476957998088
312,0.8692708333333333,1.0951287465460546,4678.0,0.16243055555555555,23,0.8365972222222222,-0.4259027777777778,6.400952598478861
313,0.8683680555555555,1.0972541979723571,4698.0,0.163125,23,0.8357638888888889,-0.4259027777777778,6.395165609666731
314,0.8664583333333333,1.099914469817732,4752.0,0.165,23,0.8340972222222223,-0.42541666666666667,6.39224852524377
315,0.8676041666666666,1.0983286397915526,4704.0,0.16333333333333333,23,0.8357986111111111,-0.42618055555555556,6.3897210176926516
316,0.869375,1.0948383103405175,4668.0,0.16208333333333333,23,0.8370138888888888,-0.4263194444444444,6.397993518199592
317,0.8682638888888888,1.0966061968159997,4688.0,0.16277777777777777,23,0.8364583333333333,-0.4265277777777778,6.391304603068638
318,0.8697569444444444,1.0950706804085382,4646.0,0.16131944444444443,23,0.8376388888888889,-0.42659722222222224,6.394861792754094
319,0.8667013888888889,1.1002378674061601,4736.0,0.16444444444444445,23,0.8345486111111111,-0.4255555555555556,6.390106214135459
320,0.8667013888888889,1.1003024260060275,4742.0,0.1646527777777778,23,0.8341666666666666,-0.4257638888888889,6.38804954242408
321,0.8671875,1.0993651367636788,4726.0,0.16409722222222223,23,0.8347916666666667,-0.4259027777777778,6.3893786208546
322,0.8672222222222222,1.0993329991057408,4714.0,0.16368055555555555,23,0.8353125,-0.42625,6.386334222677773
323,0.8665277777777778,1.0994946182018452,4746.0,0.16479166666666667,23,0.8342708333333333,-0.4263194444444444,6.385262142812904
324,0.8651736111111111,1.1024215739445888,4772.0,0.16569444444444445,23,0.8332986111111111,-0.4263194444444444,6.3771603584759236
325,0.8661458333333333,1.101296571374164,4742.0,0.1646527777777778,23,0.8341666666666666,-0.4267361111111111,6.376513180227098
326,0.8650347222222222,1.1032170849258864,4770.0,0.165625,23,0.8331944444444445,-0.4266666666666667,6.371798753528907
327,0.8667708333333334,1.0998139387491945,4728.0,0.16416666666666666,23,0.8346180555555556,-0.42736111111111114,6.374958288670641
328,0.86625,1.0997796038859076,4742.0,0.1646527777777778,23,0.8343402777777778,-0.42770833333333336,6.371905451135131
329,0.8677430555555555,1.0973889050421448,4694.0,0.1629861111111111,23,0.8360416666666667,-0.428125,6.374720821192231
330,0.8671180555555555,1.0988445120195944,4718.0,0.16381944444444443,23,0.835,-0.4278472222222222,6.373230028574349
331,0.8695138888888889,1.095310055720658,4650.0,0.16145833333333334,23,0.8371180555555555,-0.42868055555555556,6.375383752910598
332,0.8675,1.0995216733237374,4706.0,0.16340277777777779,23,0.8350347222222222,-0.42777777777777776,6.37198908116095
333,0.8683680555555555,1.0971624418623138,4694.0,0.1629861111111111,23,0.8355555555555556,-0.4278472222222222,6.377859619624053
334,0.8697569444444444,1.0947232199581962,4644.0,0.16125,23,0.8373958333333333,-0.4286111111111111,6.377615963282612
335,0.8693402777777778,1.0948542998848734,4652.0,0.16152777777777777,23,0.8372569444444444,-0.4290277777777778,6.373480677527277
336,0.8699305555555555,1.0942351000777026,4628.0,0.16069444444444445,23,0.8380555555555556,-0.42930555555555555,6.372651209130871
337,0.8675,1.0970962559402448,4710.0,0.16354166666666667,23,0.8354513888888889,-0.42854166666666665,6.371746308942797
338,0.8680208333333334,1.0954728375429792,4708.0,0.1634722222222222,23,0.8355208333333334,-0.42875,6.3743088599261695
339,0.8683333333333333,1.0947566223889726,4700.0,0.16319444444444445,23,0.8357638888888889,-0.42916666666666664,6.372487405197549
340,0.8670486111111111,1.0964461218366641,4728.0,0.16416666666666666,23,0.8350347222222222,-0.42916666666666664,6.367857814147846
341,0.8671875,1.0963142351497681,4714.0,0.16368055555555555,23,0.8355555555555556,-0.4296527777777778,6.363800130304984
342,0.8662847222222222,1.0988652514485693,4732.0,0.16430555555555557,23,0.8347569444444445,-0.42930555555555555,6.3599198337441845
343,0.8667013888888889,1.097252750234429,4726.0,0.16409722222222223,23,0.8351388888888889,-0.42951388888888886,6.362479732357684
344,0.8671180555555555,1.0977347986991846,4702.0,0.16326388888888888,23,0.8357638888888889,-0.4297222222222222,6.3592519187854535
345,0.8664930555555556,1.0993076405732074,4716.0,0.16375,23,0.8351041666666666,-0.42986111111111114,6.353627447909128
346,0.8673958333333334,1.0962094203599646,4688.0,0.16277777777777777,23,0.8364930555555555,-0.43069444444444444,6.354595804037025
347,0.8640625,1.1035248467162146,4792.0,0.1663888888888889,23,0.8323263888888889,-0.42916666666666664,6.348182052186602
348,0.8639583333333334,1.1028577527351076,4796.0,0.16652777777777777,23,0.8324305555555556,-0.4292361111111111,6.349421392103113
349,0.8654166666666666,1.1012256187838771,4762.0,0.16534722222222223,23,0.8331597222222222,-0.4297916666666667,6.348916638078942
350,0.8652083333333334,1.101757941067448,4750.0,0.16493055555555555,23,0.8337152777777778,-0.43020833333333336,6.343615756327031
351,0.86375,1.1041680255005129,4796.0,0.16652777777777777,23,0.8320138888888889,-0.43,6.3387434734340165
352,0.865,1.1013056205298195,4762.0,0.16534722222222223,23,0.8333680555555556,-0.4305555555555556,6.3417038397108
353,0.8625694444444445,1.1045362578206797,4830.0,0.16770833333333332,23,0.8312152777777778,-0.4303472222222222,6.334517966915606
354,0.8642708333333333,1.1017368709506052,4786.0,0.16618055555555555,23,0.8325694444444445,-0.4311111111111111,6.335399879898118
355,0.8659375,1.0995917363669356,4736.0,0.16444444444444445,23,0.8340625,-0.43180555555555555,6.335035781852025
356,0.8654513888888888,1.0989206390569213,4750.0,0.16493055555555555,23,0.8340277777777778,-0.431875,6.336272067524436
357,0.8670833333333333,1.095287418303756,4712.0,0.16361111111111112,23,0.8354861111111112,-0.4322916666666667,6.342530695924756
358,0.8665277777777778,1.0946334400964122,4720.0,0.1638888888888889,23,0.8356944444444444,-0.43291666666666667,6.338603138955323
359,0.8697222222222222,1.0898802176855045,4632.0,0.16083333333333333,23,0.8384027777777778,-0.43395833333333333,6.342073523808599
360,0.8686805555555556,1.0924196976571436,4652.0,0.16152777777777777,23,0.8375694444444445,-0.43395833333333333,6.335129137234044
361,0.8677083333333333,1.0962295321049031,4670.0,0.16215277777777778,23,0.8364236111111111,-0.4336111111111111,6.327801563587794
362,0.8669791666666666,1.0956143913655012,4692.0,0.16291666666666665,23,0.8361458333333334,-0.4338888888888889,6.32695087623241
363,0.8693055555555556,1.0915024549308332,4626.0,0.160625,23,0.8384375,-0.4346527777777778,6.331259892214377
364,0.8682638888888888,1.0923452936454014,4662.0,0.161875,23,0.8373263888888889,-0.4346527777777778,6.328945096689524
365,0.8661458333333333,1.0970215953856997,4722.0,0.16395833333333334,23,0.8349305555555555,-0.43395833333333333,6.322397761847357
366,0.8670138888888889,1.095118311664586,4702.0,0.16326388888888888,23,0.8355902777777777,-0.4345833333333333,6.321925037198763
367,0.8677430555555555,1.092849112045469,4682.0,0.16256944444444443,23,0.8364583333333333,-0.4354166666666667,6.320513011928605
368,0.8670833333333333,1.0945217884529939,4694.0,0.1629861111111111,23,0.8359375,-0.4354166666666667,6.315883420878902
369,0.8667708333333334,1.0959281302694999,4694.0,0.1629861111111111,23,0.8357638888888889,-0.43548611111111113,6.311328538247263
370,0.8674652777777778,1.0938057610124592,4688.0,0.16277777777777777,23,0.8360069444444445,-0.43583333333333335,6.314015670239784
371,0.8680208333333334,1.0931886351860816,4670.0,0.16215277777777778,23,0.8365277777777778,-0.4361111111111111,6.313154694904292
372,0.8675347222222223,1.0941821953297286,4670.0,0.16215277777777778,23,0.8366666666666667,-0.43618055555555557,6.309756406286636
373,0.8676736111111111,1.0935657272288792,4666.0,0.1620138888888889,23,0.836875,-0.43645833333333334,6.308893823454251
374,0.8642708333333333,1.0981525504242198,4770.0,0.165625,23,0.8335416666666666,-0.43555555555555553,6.3044587797159295
375,0.8657986111111111,1.0961013240116744,4724.0,0.16402777777777777,23,0.8349652777777777,-0.4361111111111111,6.305052910567309
376,0.8669791666666666,1.0929891923495356,4706.0,0.16340277777777779,23,0.8356944444444444,-0.4363888888888889,6.311135035808857
377,0.8690972222222222,1.0883436411962564,4654.0,0.16159722222222223,23,0.8376041666666667,-0.4372916666666667,6.315557541071417
378,0.8660069444444445,1.0937829143834394,4744.0,0.16472222222222221,23,0.8343402777777778,-0.4367361111111111,6.305715159099497
379,0.8645833333333334,1.096372248592496,4782.0,0.16604166666666667,23,0.8329513888888889,-0.43659722222222225,6.299781566570791
380,0.8618055555555556,1.101384527875052,4862.0,0.16881944444444444,23,0.8300347222222222,-0.43590277777777775,6.292099338922691
381,0.8642013888888889,1.097353565538783,4800.0,0.16666666666666666,23,0.8320486111111111,-0.43666666666666665,6.296382715329223
382,0.8637152777777778,1.0996142465740353,4792.0,0.1663888888888889,23,0.8321180555555555,-0.43694444444444447,6.287416097664207
383,0.8642361111111111,1.0976202816326457,4780.0,0.16597222222222222,23,0.8328472222222222,-0.4371527777777778,6.291106870341411
384,0.8632638888888889,1.099721633678266,4796.0,0.16652777777777777,22,0.8322222222222222,-0.4373611111111111,6.283222942020749
385,0.8636458333333333,1.0989586918281753,4790.0,0.16631944444444444,22,0.8323611111111111,-0.43756944444444446,6.2834400746634715
386,0.8641666666666666,1.098911922472848,4772.0,0.16569444444444445,22,0.8327083333333334,-0.4379166666666667,6.280328161617173
387,0.8653819444444445,1.096406577929268,4736.0,0.16444444444444445,22,0.8341319444444445,-0.4382638888888889,6.28415862577431
388,0.8666666666666667,1.0939410742998914,4698.0,0.163125,22,0.8355208333333334,-0.43881944444444443,6.285885077436598
389,0.8675347222222223,1.0931685485036724,4674.0,0.16229166666666667,22,0.8361111111111111,-0.4390277777777778,6.286097146464109
390,0.8680208333333334,1.0903675183095938,4676.0,0.16236111111111112,22,0.8363541666666666,-0.43944444444444447,6.289991307685605
391,0.8680555555555556,1.0916768886406831,4660.0,0.16180555555555556,22,0.8366666666666667,-0.4396527777777778,6.284414217780183
392,0.8681944444444445,1.0903250215244573,4652.0,0.16152777777777777,22,0.8373611111111111,-0.4397916666666667,6.286868544035283
393,0.8697916666666666,1.0884643631649982,4606.0,0.15993055555555555,22,0.8385763888888889,-0.440625,6.284226783642543
394,0.8682986111111111,1.0886236266288605,4652.0,0.16152777777777777,22,0.8376041666666667,-0.44069444444444444,6.28313806618484
395,0.8686458333333333,1.0890425693876193,4632.0,0.16083333333333333,22,0.8381597222222222,-0.44069444444444444,6.281980668422415
396,0.8699305555555555,1.0860159080855372,4596.0,0.15958333333333333,22,0.8395833333333333,-0.4413888888888889,6.283820448615602
397,0.8693402777777778,1.0876994048001505,4604.0,0.15986111111111112,22,0.8392013888888888,-0.4413888888888889,6.279190857565898
398,0.8687847222222222,1.0890132142692757,4620.0,0.16041666666666668,22,0.8384375,-0.4415972222222222,6.273607016173527
399,0.8684375,1.090218471497233,4620.0,0.16041666666666668,22,0.8382986111111111,-0.4419444444444444,6.26699960113501
400,0.8692013888888889,1.0895998841297994,4596.0,0.15958333333333333,22,0.8389236111111111,-0.44222222222222224,6.266110333854215
401,0.8696180555555556,1.0891382155363818,4582.0,0.15909722222222222,22,0.8393055555555555,-0.44256944444444446,6.2641288929973955
402,0.8702430555555556,1.088101328285298,4568.0,0.15861111111111112,22,0.8396875,-0.4428472222222222,6.264394129984618
403,0.8712152777777777,1.084497221530372,4542.0,0.15770833333333334,22,0.8411111111111111,-0.4434722222222222,6.2684584045647345
404,0.8715972222222222,1.0840323499790676,4526.0,0.15715277777777778,22,0.8416319444444444,-0.44381944444444443,6.2664697299719
405,0.8723958333333334,1.0821364358667367,4516.0,0.15680555555555556,22,0.8419097222222223,-0.4440972222222222,6.2690439754951655
406,0.8691319444444444,1.087333780756722,4610.0,0.16006944444444443,22,0.8386805555555555,-0.4436111111111111,6.259329911962669
407,0.8671875,1.0912676186720356,4658.0,0.1617361111111111,22,0.8370138888888888,-0.44277777777777777,6.256226156963097
408,0.8682986111111111,1.0887877664062349,4638.0,0.16104166666666667,22,0.8376388888888889,-0.44333333333333336,6.257910813706183
409,0.8677777777777778,1.089571709818257,4642.0,0.16118055555555555,22,0.8376041666666667,-0.4436805555555556,6.252450749574515
410,0.8672916666666667,1.0897280199673016,4654.0,0.16159722222222223,22,0.8373958333333333,-0.44375,6.251358495623649
411,0.8684722222222222,1.0890078371375451,4622.0,0.1604861111111111,22,0.8380208333333333,-0.44416666666666665,6.249432875096412
412,0.8692013888888889,1.0863612035656542,4606.0,0.15993055555555555,22,0.8388888888888889,-0.4446527777777778,6.252198051063052
413,0.8701041666666667,1.0857390856221594,4570.0,0.15868055555555555,22,0.84,-0.44493055555555555,6.251296245306496
414,0.8702083333333334,1.0855808099393718,4560.0,0.15833333333333333,22,0.8404861111111112,-0.4448611111111111,6.252389865629721
415,0.8669444444444444,1.0904535935633004,4668.0,0.16208333333333333,22,0.8367361111111111,-0.4438888888888889,6.248016348834953
416,0.8671875,1.0888581650979707,4660.0,0.16180555555555556,22,0.8372569444444444,-0.4446527777777778,6.245253664488497
417,0.869375,1.0858410851978335,4602.0,0.15979166666666667,22,0.8390625,-0.44479166666666664,6.252326007815676
418,0.8699652777777778,1.0846970781941625,4588.0,0.15930555555555556,22,0.8394791666666667,-0.4452083333333333,6.25155055131485
419,0.8715972222222222,1.0821840356340122,4544.0,0.15777777777777777,22,0.8408333333333333,-0.4457638888888889,6.253212703101444
420,0.8714583333333333,1.0824591684167835,4540.0,0.15763888888888888,22,0.8409722222222222,-0.44625,6.247863154381123
421,0.8717708333333334,1.0831985120938192,4520.0,0.15694444444444444,22,0.8414236111111111,-0.4463888888888889,6.244515220603615
422,0.8703125,1.0850796257625532,4560.0,0.15833333333333333,22,0.8402430555555556,-0.4461111111111111,6.24195158455984
423,0.8701736111111111,1.0834136485023476,4572.0,0.15875,22,0.8401736111111111,-0.44666666666666666,6.241290581837745
424,0.8697222222222222,1.0843622694354265,4568.0,0.15861111111111112,22,0.8404166666666667,-0.44708333333333333,6.234715115799961
425,0.8691666666666666,1.0860777950663212,4584.0,0.15916666666666668,22,0.8396527777777778,-0.4467361111111111,6.233250485194001
426,0.8693402777777778,1.08545641963129,4584.0,0.15916666666666668,22,0.8396180555555556,-0.4470138888888889,6.232339034456091
427,0.8699305555555555,1.0837939341443856,4566.0,0.15854166666666666,22,0.8403819444444445,-0.44756944444444446,6.231669672750154
428,0.8695138888888889,1.0837939341443856,4588.0,0.15930555555555556,22,0.8396527777777778,-0.44756944444444446,6.231669672750154
429,0.8693055555555556,1.0847316806168883,4598.0,0.15965277777777778,22,0.8390625,-0.44743055555555555,6.230390748222676
430,0.8713194444444444,1.0810235718953805,4542.0,0.15770833333333334,22,0.8410069444444445,-0.44819444444444445,6.233369962400521
431,0.8702430555555556,1.082861519056657,4562.0,0.15840277777777778,22,0.8404166666666667,-0.4482638888888889,6.227642893035049
432,0.8688541666666667,1.0850501111544695,4598.0,0.15965277777777778,21,0.8392361111111111,-0.448125,6.222893382717181
433,0.8695486111111111,1.0835401685221497,4592.0,0.15944444444444444,21,0.8393402777777778,-0.44819444444444445,6.226425575825964
434,0.8701736111111111,1.0821815915878397,4572.0,0.15875,21,0.8401736111111111,-0.4483333333333333,6.228860129869288
435,0.8699652777777778,1.083334265394561,4570.0,0.15868055555555555,21,0.8400694444444444,-0.4484722222222222,6.224349975838678
436,0.8703125,1.083128210999405,4556.0,0.15819444444444444,22,0.8404513888888889,-0.44875,6.22227308985388
437,0.8694791666666667,1.0853123658443269,4580.0,0.15902777777777777,22,0.8393402777777778,-0.4486111111111111,6.217524704783838
438,0.8686458333333333,1.084947134806346,4616.0,0.16027777777777777,22,0.8385069444444444,-0.4482638888888889,6.22185590422292
439,0.8690972222222222,1.0830738648711238,4596.0,0.15958333333333333,22,0.8396527777777778,-0.44854166666666667,6.22440957378596
440,0.8690972222222222,1.0832312571088056,4596.0,0.15958333333333333,21,0.8395833333333333,-0.4486111111111111,6.223311693595968
441,0.8684027777777777,1.0848972827994205,4612.0,0.1601388888888889,21,0.8388888888888889,-0.4486111111111111,6.218682102546265
442,0.8694444444444445,1.0839623295349468,4582.0,0.15909722222222222,21,0.8396875,-0.44875,6.219958294329029
443,0.8692013888888889,1.0839623295349468,4582.0,0.15909722222222222,21,0.8399305555555555,-0.44875,6.219958294329029
444,0.8673611111111111,1.0872246283555906,4638.0,0.16104166666666667,21,0.8379513888888889,-0.4479861111111111,6.218143550899937
445,0.8690625,1.0854681272177125,4588.0,0.15930555555555556,21,0.8392708333333333,-0.4486805555555556,6.216426744219004
446,0.8697916666666666,1.0831823017517737,4570.0,0.15868055555555555,21,0.8401736111111111,-0.44895833333333335,6.220135882548202
447,0.8701041666666667,1.0828188456617163,4560.0,0.15833333333333333,21,0.8404513888888889,-0.44916666666666666,6.219155349631344
448,0.8694097222222222,1.084015794699372,4578.0,0.15895833333333334,21,0.8398611111111111,-0.44895833333333335,6.217821087023349
449,0.8695138888888889,1.0840116258606827,4584.0,0.15916666666666668,21,0.8395833333333333,-0.44840277777777776,6.223132899754128
450,0.8703125,1.0819757201068623,4568.0,0.15861111111111112,21,0.8402430555555556,-0.4486111111111111,6.226783886883247
451,0.8705902777777778,1.081824666164242,4552.0,0.15805555555555556,21,0.8407291666666666,-0.4490972222222222,6.222568668344945
452,0.8700347222222222,1.0828188456617163,4560.0,0.15833333333333333,21,0.8405208333333334,-0.44916666666666666,6.219155349631345
453,0.8705555555555555,1.080889394308624,4554.0,0.158125,21,0.8407986111111111,-0.44979166666666665,6.218524206164022
454,0.8705902777777778,1.0798426311807323,4552.0,0.15805555555555556,21,0.8411458333333334,-0.45006944444444447,6.218756007215887
455,0.8715625,1.0787457901968707,4516.0,0.15680555555555556,21,0.8422569444444444,-0.45069444444444445,6.215800664366892
456,0.8713541666666667,1.0779017575597911,4520.0,0.15694444444444444,21,0.8425347222222223,-0.45069444444444445,6.218115459891743
457,0.8687847222222222,1.0831363110230856,4592.0,0.15944444444444444,21,0.8398263888888889,-0.4498611111111111,6.2116378904147
458,0.8647569444444444,1.0906025728747624,4710.0,0.16354166666666667,21,0.8354166666666667,-0.44895833333333335,6.199302722824532
459,0.8657638888888889,1.0885554207390342,4680.0,0.1625,21,0.8365277777777778,-0.4495138888888889,6.199772754915828
460,0.8663888888888889,1.0871178019459005,4664.0,0.16194444444444445,21,0.8371527777777777,-0.44979166666666665,6.201163239727631
461,0.8663541666666666,1.087321291778683,4660.0,0.16180555555555556,21,0.8372569444444444,-0.45006944444444447,6.197922847492219
462,0.8673263888888889,1.084951460451561,4638.0,0.16104166666666667,21,0.838125,-0.4504861111111111,6.200582933349524
463,0.8689583333333334,1.0826720702835997,4588.0,0.15930555555555556,21,0.8396527777777778,-0.45131944444444444,6.19895003800637
464,0.8712152777777777,1.077605335883962,4536.0,0.1575,22,0.8415625,-0.45222222222222225,6.2043052933406635
465,0.8726736111111111,1.075180281885325,4494.0,0.15604166666666666,22,0.8429861111111111,-0.45263888888888887,6.206950429476875
466,0.871875,1.0766090892757223,4508.0,0.15652777777777777,22,0.8425694444444445,-0.4527083333333333,6.202375613883774
467,0.8678472222222222,1.083811513782369,4624.0,0.16055555555555556,22,0.8384722222222222,-0.45145833333333335,6.1944329717391255
468,0.8692361111111111,1.081892763007774,4584.0,0.15916666666666668,22,0.8396527777777778,-0.45208333333333334,6.19377795694295
469,0.8698958333333333,1.080800500050048,4560.0,0.15833333333333333,21,0.8404513888888889,-0.4527083333333333,6.190801636259514
470,0.8701736111111111,1.0796020896830578,4536.0,0.1575,21,0.8416319444444444,-0.4534722222222222,6.1867692704927055
471,0.8697569444444444,1.0791847845248705,4558.0,0.1582638888888889,21,0.8410416666666667,-0.4534722222222222,6.18792666825513
472,0.8708680555555556,1.07819243074025,4516.0,0.15680555555555556,21,0.8423263888888889,-0.45395833333333335,6.1859868615678195
473,0.87125,1.0768835269031505,4524.0,0.15708333333333332,21,0.841875,-0.4543055555555556,6.186252299492154
474,0.8729166666666667,1.0739910867428493,4476.0,0.15541666666666668,21,0.8434722222222222,-0.45506944444444447,6.186829189939363
475,0.8745138888888889,1.0723504181084746,4426.0,0.15368055555555554,21,0.8449652777777777,-0.4552777777777778,6.18929963135081
476,0.8726041666666666,1.076255886656462,4474.0,0.15534722222222222,21,0.843125,-0.45513888888888887,6.179936765701853
477,0.873125,1.0740996757971968,4468.0,0.15513888888888888,22,0.8435416666666666,-0.4554861111111111,6.182510167289242
478,0.8737847222222223,1.0718269687455428,4454.0,0.15465277777777778,22,0.8442361111111111,-0.4559722222222222,6.184026237795755
479,0.8735069444444444,1.0717221647111626,4460.0,0.15486111111111112,22,0.8442013888888888,-0.45611111111111113,6.182970594586609
480,0.8685763888888889,1.0803741899634176,4598.0,0.15965277777777778,22,0.839375,-0.45493055555555556,6.1705214554667815
481,0.8692361111111111,1.0799047993928732,4574.0,0.15881944444444446,22,0.8400347222222222,-0.4552777777777778,6.1684664716271405
482,0.8702430555555556,1.0786587471481532,4550.0,0.1579861111111111,22,0.8406944444444444,-0.4552777777777778,6.1719386649144194
483,0.8705208333333333,1.0764132874188688,4564.0,0.1584722222222222,22,0.8404513888888889,-0.4552083333333333,6.17883124990162
484,0.8714236111111111,1.075521629932287,4526.0,0.15715277777777778,22,0.8417361111111111,-0.45555555555555555,6.177932056327515
485,0.8706597222222222,1.0772493213817986,4542.0,0.15770833333333334,22,0.8410416666666667,-0.4557638888888889,6.171141627767813
486,0.8686458333333333,1.0793300445912,4590.0,0.159375,22,0.8398611111111111,-0.4557638888888889,6.165354638955684
487,0.8695486111111111,1.0791693957578976,4548.0,0.15791666666666668,22,0.8410763888888889,-0.45625,6.161081470154416
488,0.8709027777777778,1.0777634540690724,4508.0,0.15652777777777777,22,0.8421527777777778,-0.4567361111111111,6.160276556273039
489,0.8724305555555556,1.074680781736439,4470.0,0.15520833333333334,22,0.8435069444444444,-0.4572222222222222,6.164097295073982
490,0.8696875,1.0797864629963758,4542.0,0.15770833333333334,21,0.8409722222222222,-0.45652777777777775,6.156653780714379
491,0.8704513888888888,1.0784321184545274,4526.0,0.15715277777777778,21,0.8413194444444444,-0.4572222222222222,6.153680715212148
492,0.8695833333333334,1.07961455189345,4552.0,0.15805555555555556,21,0.8403472222222222,-0.4575694444444444,6.14698287847344
493,0.8693402777777778,1.0800737210980111,4554.0,0.158125,21,0.8402777777777778,-0.4577777777777778,6.143657650589538
494,0.8696875,1.0788742735973513,4540.0,0.15763888888888888,22,0.8408680555555555,-0.4585416666666667,6.139560743822506
495,0.8690277777777777,1.081139549813099,4558.0,0.1582638888888889,22,0.8398958333333333,-0.4582638888888889,6.135895972407534
496,0.8707638888888889,1.0782500938462345,4504.0,0.15638888888888888,22,0.8418055555555556,-0.45881944444444445,6.138594638190258
497,0.8710069444444445,1.0775775804832628,4496.0,0.15611111111111112,21,0.8421875,-0.4588888888888889,6.139799658048119
498,0.8698958333333333,1.076903809493279,4540.0,0.15763888888888888,21,0.8412152777777778,-0.45895833333333336,6.141004597531134
499,0.8714930555555556,1.073616302280037,4486.0,0.1557638888888889,21,0.8433333333333334,-0.4597222222222222,6.142679649480287
